{
	"credit": "Made with Blockbench",
	"textures": {
		"hook": "block/tripwire_hook",
		"particle": "block/oak_planks",
		"wood": "block/oak_planks"
	},
	"elements": [
		{
			"from": [7, 5.5, 10],
			"to": [9, 6.5, 15],
			"rotation": {"angle": 45, "axis": "x", "origin": [7.5, 6, 14]},
			"faces": {
				"north": {"uv": [7, 1, 9, 2], "texture": "#wood"},
				"east": {"uv": [9, 2, 10, 7], "rotation": 90, "texture": "#wood"},
				"south": {"uv": [7, 7, 9, 8], "texture": "#wood"},
				"west": {"uv": [6, 2, 7, 7], "rotation": 270, "texture": "#wood"},
				"up": {"uv": [7, 2, 9, 7], "texture": "#wood"},
				"down": {"uv": [10, 2, 12, 7], "rotation": 180, "texture": "#wood"}
			}
		},
		{
			"from": [6, 1, 14],
			"to": [10, 9, 16],
			"faces": {
				"north": {"uv": [6, 7, 10, 15], "texture": "#wood"},
				"east": {"uv": [14, 7, 16, 15], "texture": "#wood"},
				"south": {"uv": [6, 7, 10, 15], "texture": "#wood", "cullface": "south"},
				"west": {"uv": [0, 7, 2, 15], "texture": "#wood"},
				"up": {"uv": [6, 1, 10, 3], "texture": "#wood"},
				"down": {"uv": [6, 14, 10, 16], "texture": "#wood"}
			}
		},
		{
			"from": [6, 4, 11],
			"to": [10, 5, 12],
			"rotation": {"angle": -45, "axis": "x", "origin": [8, 6, 5.5]},
			"faces": {
				"north": {"uv": [6, 4, 10, 5], "texture": "#hook"},
				"east": {"uv": [6, 4, 7, 5], "texture": "#hook"},
				"south": {"uv": [10, 4, 6, 5], "texture": "#hook"},
				"west": {"uv": [9, 4, 10, 5], "texture": "#hook"},
				"up": {"uv": [10, 4, 6, 5], "texture": "#hook"},
				"down": {"uv": [10, 4, 6, 5], "texture": "#hook"}
			}
		},
		{
			"from": [6, 4, 8],
			"to": [7, 5, 12],
			"rotation": {"angle": -45, "axis": "x", "origin": [8, 6, 5.5]},
			"faces": {
				"north": {"uv": [9, 7, 10, 8], "texture": "#hook"},
				"east": {"uv": [9, 8, 10, 4], "rotation": 90, "texture": "#hook"},
				"south": {"uv": [9, 4, 10, 5], "texture": "#hook"},
				"west": {"uv": [9, 4, 10, 8], "rotation": 90, "texture": "#hook"},
				"up": {"uv": [9, 8, 10, 4], "texture": "#hook"},
				"down": {"uv": [10, 4, 9, 8], "texture": "#hook"}
			}
		},
		{
			"from": [9, 4, 8],
			"to": [10, 5, 12],
			"rotation": {"angle": -45, "axis": "x", "origin": [11, 6, 5.5]},
			"faces": {
				"north": {"uv": [6, 7, 7, 8], "texture": "#hook"},
				"east": {"uv": [6, 8, 7, 4], "rotation": 90, "texture": "#hook"},
				"south": {"uv": [6, 4, 7, 5], "texture": "#hook"},
				"west": {"uv": [6, 4, 7, 8], "rotation": 90, "texture": "#hook"},
				"up": {"uv": [6, 8, 7, 4], "texture": "#hook"},
				"down": {"uv": [7, 4, 6, 8], "texture": "#hook"}
			}
		},
		{
			"from": [6, 4, 8],
			"to": [10, 5, 9],
			"rotation": {"angle": -45, "axis": "x", "origin": [8, 6, 5.5]},
			"faces": {
				"north": {"uv": [6, 7, 10, 8], "texture": "#hook"},
				"east": {"uv": [6, 7, 7, 8], "texture": "#hook"},
				"south": {"uv": [10, 7, 6, 8], "texture": "#hook"},
				"west": {"uv": [9, 7, 10, 8], "texture": "#hook"},
				"up": {"uv": [10, 7, 6, 8], "texture": "#hook"},
				"down": {"uv": [10, 7, 6, 8], "texture": "#hook"}
			}
		}
	],
	"groups": [
		0,
		1,
		{
			"name": "group",
			"origin": [8, 6, 5.5],
			"color": 0,
			"children": [2, 3, 4, 5]
		}
	]
}