{
	"credit": "Made with Blockbench",
	"ambientocclusion": false,
	"textures": {
		"particle": "block/tripwire",
		"texture": "block/tripwire"
	},
	"elements": [
		{
			"from": [7, 1.5, 0],
			"to": [9, 1.5, 8],
			"shade": false,
			"faces": {
				"up": {"uv": [0, 0, 8, 2], "rotation": 90, "texture": "#texture"},
				"down": {"uv": [16, 0, 0, 2], "rotation": 90, "texture": "#texture"}
			}
		},
		{
			"from": [8, 1.5, 7],
			"to": [16, 1.5, 9],
			"shade": false,
			"faces": {
				"up": {"uv": [8, 0, 16, 2], "texture": "#texture"},
				"down": {"uv": [0, 2, 16, 0], "texture": "#texture"}
			}
		}
	]
}