{
	"credit": "Made with Blockbench",
	"textures": {
		"particle": "#texture",
		"texture": "#texture"
	},
	"elements": [
		{
			"name": "top bar",
			"from": [7, 12, 0],
			"to": [9, 15, 9],
			"faces": {
				"north": {"uv": [13, 4, 15, 7], "texture": "#texture", "cullface": "north"},
				"east": {"uv": [13, 4, 4, 7], "texture": "#texture"},
				"west": {"uv": [4, 4, 13, 7], "texture": "#texture"},
				"up": {"uv": [4, 7, 13, 9], "rotation": 90, "texture": "#texture"},
				"down": {"uv": [13, 7, 4, 9], "rotation": 90, "texture": "#texture"}
			}
		},
		{
			"name": "lower bar",
			"from": [7, 6, 0],
			"to": [9, 9, 9],
			"faces": {
				"north": {"uv": [15, 7, 13, 4], "rotation": 180, "texture": "#texture", "cullface": "north"},
				"east": {"uv": [13, 4, 4, 7], "texture": "#texture"},
				"west": {"uv": [4, 4, 13, 7], "texture": "#texture"},
				"up": {"uv": [4, 7, 13, 9], "rotation": 90, "texture": "#texture"},
				"down": {"uv": [13, 7, 4, 9], "rotation": 90, "texture": "#texture"}
			}
		}
	]
}