{
	"credit": "Made with Blockbench",
	"textures": {
		"particle": "#particle"
	},
	"elements": [
		{
			"name": "Left-hand post",
			"from": [0, 2, 7],
			"to": [2, 13, 9],
			"rotation": {"angle": 0, "axis": "y", "origin": [0, -3, 0]},
			"faces": {
				"north": {"uv": [14, 2, 16, 13], "texture": "#texture"},
				"east": {"uv": [14, 2, 16, 13], "texture": "#texture"},
				"south": {"uv": [14, 2, 16, 13], "texture": "#texture"},
				"west": {"uv": [14, 2, 16, 13], "texture": "#texture", "cullface": "west"},
				"up": {"uv": [16, 2, 14, 0], "texture": "#texture"},
				"down": {"uv": [16, 15, 14, 13], "texture": "#texture"}
			}
		},
		{
			"name": "Right-hand post",
			"from": [14, 2, 7],
			"to": [16, 13, 9],
			"rotation": {"angle": 0, "axis": "y", "origin": [0, -3, 0]},
			"faces": {
				"north": {"uv": [0, 2, 2, 13], "texture": "#texture"},
				"east": {"uv": [0, 2, 2, 13], "texture": "#texture", "cullface": "east"},
				"south": {"uv": [0, 2, 2, 13], "texture": "#texture"},
				"west": {"uv": [0, 2, 2, 13], "texture": "#texture"},
				"up": {"uv": [2, 2, 0, 0], "texture": "#texture"},
				"down": {"uv": [2, 15, 0, 13], "texture": "#texture"}
			}
		},
		{
			"name": "Inner vertical post of left-hand gate door",
			"from": [0, 3, 13],
			"to": [2, 12, 15],
			"rotation": {"angle": 0, "axis": "y", "origin": [0, -3, 0]},
			"faces": {
				"north": {"uv": [8, 3, 10, 12], "texture": "#texture"},
				"east": {"uv": [8, 3, 10, 12], "texture": "#texture"},
				"south": {"uv": [8, 3, 10, 12], "texture": "#texture"},
				"west": {"uv": [8, 3, 10, 12], "texture": "#texture"},
				"up": {"uv": [8, 1, 10, 3], "rotation": 270, "texture": "#texture"},
				"down": {"uv": [10, 14, 8, 12], "rotation": 270, "texture": "#texture"}
			}
		},
		{
			"name": "Inner vertical post of right-hand gate door",
			"from": [14, 3, 13],
			"to": [16, 12, 15],
			"rotation": {"angle": 0, "axis": "y", "origin": [0, -3, 0]},
			"faces": {
				"north": {"uv": [6, 3, 8, 12], "texture": "#texture"},
				"east": {"uv": [6, 3, 8, 12], "texture": "#texture"},
				"south": {"uv": [6, 3, 8, 12], "texture": "#texture"},
				"west": {"uv": [6, 3, 8, 12], "texture": "#texture"},
				"up": {"uv": [8, 3, 6, 1], "rotation": 270, "texture": "#texture"},
				"down": {"uv": [6, 12, 8, 14], "rotation": 270, "texture": "#texture"}
			}
		},
		{
			"name": "Lower horizontal bar of left-hand gate door",
			"from": [0, 3, 9],
			"to": [2, 6, 13],
			"rotation": {"angle": 0, "axis": "y", "origin": [0, -3, 0]},
			"faces": {
				"east": {"uv": [10, 3, 14, 6], "texture": "#texture"},
				"west": {"uv": [14, 9, 10, 12], "texture": "#texture"},
				"up": {"uv": [10, 1, 14, 3], "rotation": 270, "texture": "#texture"},
				"down": {"uv": [14, 14, 10, 12], "rotation": 270, "texture": "#texture"}
			}
		},
		{
			"name": "Upper horizontal bar of left-hand gate door",
			"from": [0, 9, 9],
			"to": [2, 12, 13],
			"rotation": {"angle": 0, "axis": "y", "origin": [0, -3, 0]},
			"faces": {
				"east": {"uv": [10, 3, 14, 6], "texture": "#texture"},
				"west": {"uv": [14, 9, 10, 12], "texture": "#texture"},
				"up": {"uv": [10, 1, 14, 3], "rotation": 270, "texture": "#texture"},
				"down": {"uv": [14, 14, 10, 12], "rotation": 270, "texture": "#texture"}
			}
		},
		{
			"name": "Lower horizontal bar of left-hand gate door",
			"from": [14, 3, 9],
			"to": [16, 6, 13],
			"rotation": {"angle": 0, "axis": "y", "origin": [0, -3, 0]},
			"faces": {
				"east": {"uv": [6, 9, 2, 12], "texture": "#texture"},
				"west": {"uv": [2, 3, 6, 6], "texture": "#texture"},
				"up": {"uv": [6, 3, 2, 1], "rotation": 270, "texture": "#texture"},
				"down": {"uv": [2, 12, 6, 14], "rotation": 270, "texture": "#texture"}
			}
		},
		{
			"name": "Upper horizontal bar of left-hand gate door",
			"from": [14, 9, 9],
			"to": [16, 12, 13],
			"rotation": {"angle": 0, "axis": "y", "origin": [0, -3, 0]},
			"faces": {
				"east": {"uv": [6, 9, 2, 12], "texture": "#texture"},
				"west": {"uv": [2, 3, 6, 6], "texture": "#texture"},
				"up": {"uv": [6, 3, 2, 1], "rotation": 270, "texture": "#texture"},
				"down": {"uv": [2, 12, 6, 14], "rotation": 270, "texture": "#texture"}
			}
		}
	]
}