{
	"credit": "Made with Blockbench",
	"parent": "block/block",
	"textures": {
		"particle": "block/dragon_egg",
		"all": "block/dragon_egg"
	},
	"elements": [
		{
			"from": [1, 0, 1],
			"to": [15, 16, 15],
			"rotation": {"angle": 0, "axis": "y", "origin": [0, -3, 0]},
			"faces": {
				"north": {"uv": [1, 0, 15, 16], "texture": "#all"},
				"east": {"uv": [1, 0, 15, 16], "texture": "#all"},
				"south": {"uv": [1, 0, 15, 16], "texture": "#all"},
				"west": {"uv": [1, 0, 15, 16], "texture": "#all"},
				"up": {"uv": [1, 1, 15, 15], "texture": "#all"},
				"down": {"uv": [1, 1, 15, 15], "texture": "#all"}
			}
		}
	],
	"groups": [
		{
			"name": "dragon_egg",
			"origin": [8, 8, 8],
			"color": 0,
			"children": [0]
		}
	]
}