{
	"credit": "Made with Blockbench",
	"parent": "block/block",
	"textures": {
		"particle": "block/oak_fence"
	},
	"elements": [
		{
			"name": "Left post",
			"from": [6, 0, 0],
			"to": [10, 16, 4],
			"faces": {
				"north": {"uv": [0, 0, 4, 16], "texture": "#texture"},
				"east": {"uv": [0, 0, 4, 16], "texture": "#texture"},
				"south": {"uv": [0, 0, 4, 16], "texture": "#texture"},
				"west": {"uv": [0, 0, 4, 16], "texture": "#texture"},
				"up": {"uv": [4, 0, 8, 4], "texture": "#texture"},
				"down": {"uv": [4, 4, 8, 0], "texture": "#texture", "cullface": "down"}
			}
		},
		{
			"name": "Right post",
			"from": [6, 0, 12],
			"to": [10, 16, 16],
			"faces": {
				"north": {"uv": [0, 0, 4, 16], "texture": "#texture"},
				"east": {"uv": [0, 0, 4, 16], "texture": "#texture"},
				"south": {"uv": [0, 0, 4, 16], "texture": "#texture"},
				"west": {"uv": [0, 0, 4, 16], "texture": "#texture"},
				"up": {"uv": [4, 0, 8, 4], "texture": "#texture"},
				"down": {"uv": [4, 4, 8, 0], "texture": "#texture", "cullface": "down"}
			}
		},
		{
			"name": "Top bar",
			"from": [7, 12, 4],
			"to": [9, 15, 12],
			"faces": {
				"north": {"uv": [0, 0, 0, 0], "texture": "#texture"},
				"east": {"uv": [4, 4, 12, 7], "texture": "#texture"},
				"south": {"uv": [0, 0, 0, 0], "texture": "#texture"},
				"west": {"uv": [12, 4, 4, 7], "texture": "#texture"},
				"up": {"uv": [4, 7, 12, 9], "rotation": 90, "texture": "#texture"},
				"down": {"uv": [12, 9, 4, 7], "rotation": 90, "texture": "#texture"}
			}
		},
		{
			"name": "Top bar left",
			"from": [7, 12, -2],
			"to": [9, 15, 0],
			"faces": {
				"north": {"uv": [13, 4, 15, 7], "texture": "#texture"},
				"east": {"uv": [11, 4, 13, 7], "texture": "#texture"},
				"south": {"uv": [0, 0, 0, 0], "texture": "#texture"},
				"west": {"uv": [11, 4, 13, 7], "texture": "#texture"},
				"up": {"uv": [11, 7, 13, 9], "texture": "#texture"},
				"down": {"uv": [11, 7, 13, 9], "texture": "#texture"}
			}
		},
		{
			"name": "Top bar right",
			"from": [7, 12, 16],
			"to": [9, 15, 18],
			"faces": {
				"north": {"uv": [0, 0, 0, 0], "texture": "#texture"},
				"east": {"uv": [7, 4, 5, 7], "texture": "#texture"},
				"south": {"uv": [13, 4, 15, 7], "texture": "#texture"},
				"west": {"uv": [7, 4, 5, 7], "texture": "#texture"},
				"up": {"uv": [5, 9, 7, 7], "texture": "#texture"},
				"down": {"uv": [5, 9, 7, 7], "texture": "#texture"}
			}
		},
		{
			"name": "Lower bar",
			"from": [7, 6, 4],
			"to": [9, 9, 12],
			"faces": {
				"north": {"uv": [0, 0, 0, 0], "texture": "#texture"},
				"east": {"uv": [4, 4, 12, 7], "texture": "#texture"},
				"south": {"uv": [0, 0, 0, 0], "texture": "#texture"},
				"west": {"uv": [12, 4, 4, 7], "texture": "#texture"},
				"up": {"uv": [4, 7, 12, 9], "rotation": 90, "texture": "#texture"},
				"down": {"uv": [4, 9, 12, 7], "rotation": 90, "texture": "#texture"}
			}
		},
		{
			"name": "Lower bar left",
			"from": [7, 6, -2],
			"to": [9, 9, 0],
			"faces": {
				"north": {"uv": [13, 4, 15, 7], "texture": "#texture"},
				"east": {"uv": [11, 4, 13, 7], "texture": "#texture"},
				"south": {"uv": [0, 0, 0, 0], "texture": "#texture"},
				"west": {"uv": [11, 4, 13, 7], "texture": "#texture"},
				"up": {"uv": [11, 7, 13, 9], "texture": "#texture"},
				"down": {"uv": [11, 7, 13, 9], "texture": "#texture"}
			}
		},
		{
			"name": "Lower bar right",
			"from": [7, 6, 16],
			"to": [9, 9, 18],
			"faces": {
				"north": {"uv": [0, 0, 0, 0], "texture": "#texture"},
				"east": {"uv": [7, 4, 5, 7], "texture": "#texture"},
				"south": {"uv": [13, 4, 15, 7], "texture": "#texture"},
				"west": {"uv": [7, 4, 5, 7], "texture": "#texture"},
				"up": {"uv": [5, 9, 7, 7], "texture": "#texture"},
				"down": {"uv": [5, 9, 7, 7], "texture": "#texture"}
			}
		}
	],
	"display": {
		"gui": {
			"rotation": [30, 135, 0],
			"scale": [0.625, 0.625, 0.625]
		},
		"fixed": {
			"rotation": [0, 90, 0],
			"scale": [0.5, 0.5, 0.5]
		}
	}
}