{
  "display": {
    "gui": {
      "rotation": [ 30, 225, 0 ],
      "translation": [ 0, 3, 0],
      "scale":[ 1, 1, 1 ]
    },
    "ground": {
      "rotation": [ 0, 0, 0 ],
      "translation": [ 0, 3, 0],
      "scale":[ 0.5, 0.5, 0.5 ]
    },
    "fixed": {
      "rotation": [ 0, 180, 0 ],
      "translation": [ 0, 4, 0],
      "scale":[ 1, 1, 1 ]
    },
    "thirdperson_righthand": {
      "rotation": [ 45, 45, 0 ],
      "translation": [ 0, 3, 0 ],
      "scale": [ 0.5, 0.5, 0.5 ]
    }
  },
  "texture_size": [32, 32],
  "textures": {
    "all": "block/head_creeper",
    "particle": "block/head_creeper"
  },
	"elements": [
		{
			"from": [4, 0, 4],
			"to": [12, 8, 12],
			"rotation": {"angle": 0, "axis": "y", "origin": [0, 0, 0]},
			"faces": {
				"north": {"uv": [4, 4, 8, 8], "texture": "all"},
				"east": {"uv": [0, 4, 4, 8], "texture": "all"},
				"south": {"uv": [12, 4, 16, 8], "texture": "all"},
				"west": {"uv": [8, 4, 12, 8], "texture": "all"},
				"up": {"uv": [4, 0, 8, 4], "texture": "all"},
				"down": {"uv": [8, 0, 12, 4], "texture": "all"}
			}
		}
	]
}
