{
	"credit": "Made with Blockbench",
	"parent": "block/block",
	"textures": {
		"particle": "#particle"
	},
	"elements": [
		{
			"name": "Left-hand post",
			"from": [0, 5, 7],
			"to": [2, 16, 9],
			"faces": {
				"north": {"uv": [14, 2, 16, 13], "texture": "#texture"},
				"east": {"uv": [14, 2, 16, 13], "texture": "#texture"},
				"south": {"uv": [14, 2, 16, 13], "texture": "#texture"},
				"west": {"uv": [14, 2, 16, 13], "texture": "#texture", "cullface": "west"},
				"up": {"uv": [16, 2, 14, 0], "texture": "#texture"},
				"down": {"uv": [16, 15, 14, 13], "texture": "#texture"}
			}
		},
		{
			"name": "Right-hand post",
			"from": [14, 5, 7],
			"to": [16, 16, 9],
			"faces": {
				"north": {"uv": [0, 2, 2, 13], "texture": "#texture"},
				"east": {"uv": [0, 2, 2, 13], "texture": "#texture", "cullface": "east"},
				"south": {"uv": [0, 2, 2, 13], "texture": "#texture"},
				"west": {"uv": [0, 2, 2, 13], "texture": "#texture"},
				"up": {"uv": [2, 2, 0, 0], "texture": "#texture"},
				"down": {"uv": [2, 15, 0, 13], "texture": "#texture"}
			}
		},
		{
			"name": "Inner vertical post of left-hand gate door",
			"from": [6, 6, 7],
			"to": [8, 15, 9],
			"faces": {
				"north": {"uv": [8, 3, 10, 12], "texture": "#texture"},
				"south": {"uv": [6, 3, 8, 12], "texture": "#texture"},
				"west": {"uv": [8, 3, 10, 12], "texture": "#texture"},
				"up": {"uv": [10, 3, 8, 1], "texture": "#texture"},
				"down": {"uv": [10, 14, 8, 12], "texture": "#texture"}
			}
		},
		{
			"name": "Inner vertical post of right-hand gate door",
			"from": [8, 6, 7],
			"to": [10, 15, 9],
			"faces": {
				"north": {"uv": [6, 3, 8, 12], "texture": "#texture"},
				"east": {"uv": [6, 3, 8, 12], "texture": "#texture"},
				"south": {"uv": [8, 3, 10, 12], "texture": "#texture"},
				"up": {"uv": [8, 3, 6, 1], "texture": "#texture"},
				"down": {"uv": [8, 14, 6, 12], "texture": "#texture"}
			}
		},
		{
			"name": "Lower horizontal bar of left-hand gate door",
			"from": [2, 6, 7],
			"to": [6, 9, 9],
			"faces": {
				"north": {"uv": [10, 3, 14, 6], "texture": "#texture"},
				"south": {"uv": [10, 9, 14, 12], "texture": "#texture"},
				"up": {"uv": [14, 3, 10, 1], "texture": "#texture"},
				"down": {"uv": [14, 14, 10, 12], "texture": "#texture"}
			}
		},
		{
			"name": "Upper horizontal bar of left-hand gate door",
			"from": [2, 12, 7],
			"to": [6, 15, 9],
			"faces": {
				"north": {"uv": [10, 3, 14, 6], "texture": "#texture"},
				"south": {"uv": [10, 9, 14, 12], "texture": "#texture"},
				"up": {"uv": [14, 3, 10, 1], "texture": "#texture"},
				"down": {"uv": [14, 14, 10, 12], "texture": "#texture"}
			}
		},
		{
			"name": "Lower horizontal bar of right-hand gate door",
			"from": [10, 6, 7],
			"to": [14, 9, 9],
			"faces": {
				"north": {"uv": [2, 3, 6, 6], "texture": "#texture"},
				"south": {"uv": [2, 9, 6, 12], "texture": "#texture"},
				"up": {"uv": [6, 3, 2, 1], "texture": "#texture"},
				"down": {"uv": [6, 14, 2, 12], "texture": "#texture"}
			}
		},
		{
			"name": "Upper horizontal bar of right-hand gate door",
			"from": [10, 12, 7],
			"to": [14, 15, 9],
			"faces": {
				"north": {"uv": [2, 3, 6, 6], "texture": "#texture"},
				"south": {"uv": [2, 9, 6, 12], "texture": "#texture"},
				"up": {"uv": [6, 3, 2, 1], "texture": "#texture"},
				"down": {"uv": [6, 14, 2, 12], "texture": "#texture"}
			}
		}
	],
	"display": {
		"gui": {
			"rotation": [30, 45, 0],
			"translation": [0, -1, 0],
			"scale": [0.8, 0.8, 0.8]
		},
		"head": {
			"translation": [0, -3, -6]
		}
	}
}